{
	"id": "41f222c9-1d26-4c9a-a564-e2aaabcbea17",
	"name": "yApp Api environment",
	"values": [
		{
			"key": "isLocal",
			"value": "false",
			"type": "default",
			"enabled": true
		},
		{
			"key": "url",
			"value": "https://cw1eg57r56.execute-api.us-east-2.amazonaws.com",
			"type": "default",
			"enabled": true
		},
		{
			"key": "local_url",
			"value": "https://localhost:54053",
			"enabled": true
		},
		{
			"key": "base_url",
			"value": "https://cw1eg57r56.execute-api.us-east-2.amazonaws.com",
			"enabled": true
		},
		{
			"key": "env",
			"value": "test",
			"enabled": true
		},
		{
			"key": "cognitoClientId",
			"value": "6falftq4upimv1q54tpcbuv3dt",
			"type": "secret",
			"enabled": true
		},
		{
			"key": "cognitoUserName",
			"value": "",
			"type": "text",
			"enabled": true
		},
		{
			"key": "cognitoUserPassword",
			"value": "",
			"type": "secret",
			"enabled": true
		},
		{
			"key": "cognitoAccessToken",
			"value": null,
			"type": "text",
			"enabled": true
		},
		{
			"key": "cognitoIdToken",
			"value": "",
			"type": "default",
			"enabled": true
		},
		{
			"key": "cognitoRegion",
			"value": "us-east-2",
			"type": "default",
			"enabled": true
		},
		{
			"key": "access_token",
			"value": "",
			"type": "any",
			"enabled": true
		}
	],
	"_postman_variable_scope": "environment",
	"_postman_exported_at": "2024-09-26T03:55:01.271Z",
	"_postman_exported_using": "Postman/10.19.14"
}