{
  "version": "1",
  "cognitoConfig": {
    "identityPoolName": "yapp_identitypool_58b70b0c",
    "allowUnauthenticatedIdentities": false,
    "resourceNameTruncated": "yapp58b70b0c",
    "userPoolName": "yapp_userpool_58b70b0c",
    "autoVerifiedAttributes": [
      "email"
    ],
    "mfaConfiguration": "OFF",
    "mfaTypes": [
      "SMS Text Message"
    ],
    "smsAuthenticationMessage": "Your authentication code is {####}",
    "smsVerificationMessage": "Your verification code is {####}",
    "emailVerificationSubject": "Your verification code",
    "emailVerificationMessage": "Your verification code is {####}",
    "defaultPasswordPolicy": false,
    "passwordPolicyMinLength": 8,
    "passwordPolicyCharacters": [],
    "requiredAttributes": [
      "email"
    ],
    "aliasAttributes": [],
    "userpoolClientGenerateSecret": false,
    "userpoolClientRefreshTokenValidity": 30,
    "userpoolClientWriteAttributes": [
      "email"
    ],
    "userpoolClientReadAttributes": [
      "email"
    ],
    "userpoolClientLambdaRole": "yapp58b70b0c_userpoolclient_lambda_role",
    "userpoolClientSetAttributes": false,
    "authSelections": "identityPoolAndUserPool",
    "resourceName": "yapp",
    "sharedId": "58b70b0c",
    "serviceName": "Cognito",
    "useDefault": "manual"
  }
}